link_item,price,discount_rate
https://tka.tiki.vn/pixel/pixel?data=M3RqoWUCGMLdSWcNMdaaQoktZtqalL4XeWYPqlZtagNixD1ztQfPOtVU5fhXZY1IQtkjh9nnA33iDHsSSfSBg2lXiKU3rCxjcSC18rgFe-vwamOVpRyU33bcWvc9kfy2679Zq_yqXi7kohg_sADDUaecjKK0Dh_4oOTap8Xcehs2lBCHr5uC62-Cvl4DLC_CtqO3ArL7-BWcjvFaznYC69s-PLn5bRGIv4DjXO1W_DcHXm7PBaE0vo1bbEt_N4IFgiebGnjSepanW6AB79UNn26fndeEXBsKLZc0QW5DSXWoMnNjzONElcnUSTUu-I4cKUYtBMCWfroqob6CEy2GToAulyrOHPxZLzT0nwivGUvab-Wm_9SelCKp0Yf_ny_ICP-QFnJJuiADMsk0Z-M-Ie4er29tupI5T_bBZA-SzjIVBPzSXz37xAC9xxLJSEDPKkdDJ9QzqqLAd8FIojST_V98C2d_IccwV3pOY4x1_SdSZgOBpf6Sfsea_phOAwIyV6GyM6xxZcQL6pEzyFBqZ01g6o6n3a-Vn3pSHOUsRZ-wU93xInRJANb7wa4VBCE_SwVWgIPGQhcby5E6ll2S57Q90bn_yMVSgy4V3u7OvFGL1ucPfRGpFnsVwHtmpUFJnLJSSytYsbAHUjqk_SZ4kSG9QeXhMAheHuca4tn_TpoXHcPRwwI-D3jqtPLAd-hdu6whYUBES9yoy-8CUGk2HI166j-4c4VupBQS7otKDKiNxASw2JWjgHya4SwaI9vt4YIUqxMZOG-ZV5z5A9E5_vu76oQLU_znK1U0sh1UV1kgcrBQbLdccPly8nJkgbM0A-dZEaImRY_trXC8E7Gv6BIswl8NHRFipMPN4jF_Vtm9lTep3k6YkQqGpIvWZKgahonSr6f-UkbJ2oYmUYI6uxGmRFUxvh7YUmazC5uhn7Q-td_U2XMxCSTBkRfBT8SRY4IVQYvt-rGu_mKCeIgrCCEufNEYTdvDAuyS6b2Zk_B-q4YA5mfX9IBvRzkQ_Dv3zfzUcOQdgqrY3_gS3gZyf0EL3nZxpv3Rku2FLeGM-WZOe67ZdWFKVT7U368NvkGW4yi__NhR7NtcU_5izVS63lOLX4CtumPf-Xa1FiEN1yc5KhYCQi0tMkMpVYxcQJ1sucSVppLu3NtfaZ8pWswzBJpUb0pJzYm2jx9Ph6HWQ49IRizgMmBU5hnOEm8B7YAesk2c1NmIP-PyQfXMg2m54KiCPqt0KptOHF5_PCjq0Hb_Cw9xMTvgG22qKemUXKd_jc1G-Aw9Ep57NSupsbPNRQDxJdhA1Uvs6sLPeXTWGAXbWkYpUHxB7-M3H4iIMsDqwlmHekxjK3v0BBSiKapgfMrjVp1QW-Ob7lr5vW9FtnnnO9xjwF3Hi_ONdEYvG3t2Tfh5qNpZpMM_fFMuTljIqjWPp2FsfRQxNkApfFNZv5DUDAtF1F6lxSsvuzDGy6xcdhjXayOe4f9fCjNoKWUoEuy-0asfUf-QyNmeCgfb_1FvLENMeYBIXyyjRDWs1kNXyeHt6Wo1uogmSNGMPHAfCedY6tRMN4O93o4AimQZIauXq1TTyq84ZLQx0oCvTBV2hL9LyJfeV_P0S-dcBGK18MKpzUfaQcW4gfvOvfvL84XedrNjn7o9hT8gpr5qWpyJXArDP2lcfKbaFbVvtnCD3q5tqezmC5YkON-O0OFEu8hJKN5rNKFzfM6LJ7zZdw&pos=1&reqid=kb9dMIn2GnLjrF9r&type=CLICK,91.290 ₫,-49%
https://tka.tiki.vn/pixel/pixel?data=mSPFSdMBHgIyvO-Lu5uLWc3_DHY6p6e5M08V2m8UrGAjlzpNM5ahryy4jINA61dKt-4QvVSt8lQwHg3yMZrYqWWKX55mlfryChYqwLcU76RpraqR5UB5e81-SQfOttlrSy9xe0wbt4NMQ9T1Qg3VMWhBS2Ef1563P4SIDzOQpeVbOOQ6_lZWUB_lPSEIw_C22zRiAbdM5x2OfOMV05g5b26soVmrpiSaj8zya91xCX_pQYHGJAbuTynPNayxy8kfiqdwuMJ1lFaZXNdDShgdp25BkzGHDN-wMSGmemMFtZ4nodw60VsE4hyiL1G49hh1A2AqQ9DUbHxxDSSTJwElEwtsefGmlEkMiS6Bxl-BaxfCkPQH3v1Ij2HF4GujqohS_1rYeNuE7pciu3DS1JPwXSLtfKvkIbUJWZ6ApTSLwJYuzl2BBAi5xbXi5yJ-Bax5ZVJVwQhLu-ZqgTx_nQABHffLvtXZJ26ZNvNVE-CX0Vq5ZeH4WpKPG_X-gT6TNUuKwF7CINamM5tOvlzb6Ia7TNmyssw1cIMqVeHIDdj_0_SbFsmbyuQ53mu4maDvhh9WIM84PieZwrn80nIzHLqpqEzKiIRuXpCuBtkIA-GMmq7FxyOG50d4wui5ocW2C0ZE9GdxOHXOAYhdsdgofjBbb1fdgPbOfP4evG511K85oCCdE79GifCQgt_qjBMRqR_B10UX8JbWz7stGwKGqWCv-ZF4z6RvrCYmUdyL9pjT-xcROViYPvNX_KTvs_lQeTZA73DeYGWajABduNa25toJW-fsVeqxF1fN8BzCOz0MrJ6zkXBjlgOwj2W9Y7lZOQ719WG3Uc7fa2Td1rVI2LiHXI1-Y9p0ord_ushznlvlAKQcabZu6hEen_b9XNlfBAgQ8BwysN2RZkcukOELl4ZFF8LM_KDAV2UANfVFrS_Eb5gDRCa8XCfEIec0T3iM6_uqHf3Ek0Y9s-KyvRF9wj9btB5FrjIAC9VF4f3ll3PBx5AZuBwAT2U5TBRPmnmYOjGpljjbnnvi2fT6vaZq-aNME1bwu7pXWID1P0bNbU9r9EkLvtD3vP1QUBBNS2onft7XZAofD5LrnEhMJ8GWZeexoItegS7I3NiblJiHPSWaTXkiBPaYuuLFEadqXeD6-S7bAzNPYVZVMfzGlu7pob0e8Udf9kileKJzm8kr9Mv7x3r5CSLMgeiCnD1-XSUwTDLj_Ulh_9hj8t1hta2m3R7eDYLYi3Bn0HKyBPqbM98FrZ4YDjMAzOm8MaOWfDXzo35ZfzfLfBGZp8m584EnDoLdUawzqa1bXNNe1fyGMQY6ksYoFC-hFg3IayWUGdRWWX4pi6k8JjIrEsnXorOiC-YEaVTF9SYPPEyRr_DwdY9EWhi-fVb1hBVu6qdWsXEbOkq9BUrAIgIbde-LSwL9QIZOaAkEBY7vNqk5tJMxLP5T3JlFrY8OG3KyUJubvwFEskEPHlvoSVaC3t8Cjr6YEQY1Yo5L9FYFLQKd1lemNlZfXPlsdDBDJl1wkUPSb6OBoS-qmdANJoz7byNwH_kLyMs6lM4CQY2RHTl0Y8UR7b81qjFuqUdJMDH92STf2UFzATVtB25PpSlFwx_NRzqnjugB9qYGohZ7lOzrw7uwemkWKKTZeQeF6DGOZFflMBx1_UpV6rujEZ80yGKt77kHGXMrgi-gV47C6hn2m5abmCxmlsJk9_fzwZz7yOBc6J5eYBUq6QKey0D0ovdVh93Bs1H_9sMBAR8wgeA&pos=2&reqid=kb9dMIn2GnLjrF9r&type=CLICK,64.350 ₫,-35%
https://tka.tiki.vn/pixel/pixel?data=coe__HG9HwCMBPcafmAzD_syLPJb3BTu9dzcI9d9GWIMxqtV9wZ6u_XOWSmMqO1aPqnnZXiexespVoskrgBZnMtxCq-lkRadl6y9nD4PtJDhz32OM-hqApMH0RkmRLPRmo37EMJ_cNQa8cEdLh_gFdmjBdx5vrAimVfyWWLvKulPPUJ65mrf6KIj3lhaJHE6mmy3G1WAa3fGri2YT8cxCMgwOY1Mw8i9AhnuNBBvIxm6KhmGYkRI87BHkTWiYUh_ElfKRPFCFIZNPWZbqYP_8qt19pRljcz_B3Xh1c5GaQ44tGtVm-cUDReQ1pixm0VjpVfv7bPFdpoUBELIq1y6r3Rk5LdAJWdKhVCAH1PuQf92iDoNzg9mbmBX5Ch566Xqsj3L_4E-zqA0uo6HNHO4k1mbEASOtww27sj1UTzui8OBTw8k1zX-AhOBxQmwhwnMaDuX7iIc_NdTW6ckIosmL53BcSNo8hIuUmOATG6dJXbC1ZqollcR5jJlm-nxyuQ1OQTbJLqyv74cI6ALjn7ntKYeWKgiPX74oSINTOwdCBHMwRd5QB3p-XOp1s2ZzCSMoJoSgYIyi6p3KJHqlB_Z_fsohfbHIF_5H-esa7iDLbtFh1Ela79hSDKeDtlochlBdwspyf4ts9dmHdYdaaltvAP8jSXt3y4bAX8L7sJObacfk6bncqI232Oh8fRoQ1lZE3q1mfxFpbZbJaXFxR2KFCKz9WkIJCfUEwJjevozmg4mRgiJ2ckh9FEY7nFGKBLk2oaNVkr-Y7SMb6saQRM1eXJDrBNf2ZAff2wyqJbhAZLcglBX_lXvRe8j3jtFzWE8l2i7mtUHeO_TyiLBiIPa9MG3YQHvDpSLVs2mv0OEjWO1JS4gBBmYIZxoso22NeiKsIpUUS-rMXgekDTy3FhpqHWNqO-H9vvpw0oUVZ4rU9gPqqrRsjKKvsZ8l9-1MxBgDL9GvuhChAiXs4QonJCEaLvi_FLI4lBGTQ_wIfmshz7A1ST45ALwY2Lajh_X5VeB8G10jWDgRFVWMkzuKmN9xJjhMCmJFkqdkz2ULSWtber6MUwOkSbX0rSQ_hFoyeOFr8_uUcLyLE13PIZqYWobaUmX1dZzyJDaL74NpbyYGKmopj6t1IFmYuXawAU6vNlIIjeOWwJ2wXtR3mauZRin4pSI28hfLIBThle7FZxOewz8Q48GsUAq8ynbt3oDwN-lwigBriy-I3_cOxQCYriQYYWxwdBHWWx6yXu9aKkXkFnsvaYH_ALg5nFOlmXm46V9XA5gYvhPaeIWijXR6po3onVzruLZSNobH0kZgZD3RrYlv9FGlpn0U_aspVPByFejy-5Jm2rfTM9moKu4qkoJejJ7evZfdUfi02oyj-xttsnzUmMQjVofheowOxSUAswR9WLSCKY4mj65EPcTC4ozofhqmw9tfFNY7d0zDJzBTdWny2wGFdjRUTCxAsI0rV9GSm1OwN3r0xb19rjduy0uZhDpy6vSSM68sgfkEeWc-lBkG1ic2FRI6DYXujMzWz9SJwSeEebnWecAinZljWUxo0dJ1EdwDIcXSQRVtPvS5akbjGuHT9_9PRU4OV5g4UyWJ3BD7MOOX-HdjN1RgQ-c7U87HzPQjprgH-j1FcDZT-bDgZj0j5LZcU535Q834dlCJgUJ3btRhUSc3Q18Qi3zusD_Xqvqc6glC-6tpjPXpSbPCubEi3LhCAOh3JYbBAHiXqAB6UTjxjE1QRYfIbd83O1Mk4j5XAImlf9itiJk2XX_1Kc&pos=3&reqid=kb9dMIn2GnLjrF9r&type=CLICK,56.100 ₫,-15%
https://tka.tiki.vn/pixel/pixel?data=XmrhOs0_NbBre3wbsaJKGAiBphh10uSJ8BbIDvHvyogTMB_7adji_qXwkbmHM4o2NbaMkjViazwmYJggOUhm4BmQXq81RZ1aoacpmt-2IHzd6ZJJjcH8QHUo2U77hxmcgS3woZHxBD4A7Aoi2pRCOxC1MR3dRMoFHmaE37eJgEPXr3M5hEuO7YuCRvpm0vS5stqumHNa9XrFpusXFIoeQw0UqWPuKTRcf6LcEPPw8J0lz8eDFH3soBSWUThEvwlWIpSWLjXjLLxFqmp9rLmw3NZeff1qT4ZhRUuBslMIRHzyjYcHGI2aO9hz1cy5YPBIOwHBiJ4rvu1-cx59JBMKu_j7d_5z2DItXkbKtAx3OT5ZS3ReTxi_Rann1o5_dJ1EUHN-Wvk9-9DUdoa1Gxn_7tNM2LZZJbkJCTEo941LOy6_xmtBSNf3CZbNU5OUggacqgb_xGzS1bsMefAAwJONtvYcUBSXniekBBHbP2KPjowx2n-Ra7mtgc4nUsqdEMvg7t1Q7TkFj7OCvqME0SfN5TOLdBIKKu8qwslHyR_47R-RbWwtJ102R8Asm2A3pCJHysE_sYsnsYk2ihCHL0ktjKLFYtr3hsGMtZ0UW2kxeHsTTdH-Yu52I1a-ToQGDeJ9I853DzexFt5BlOVO8VqY4KoBrYT-AM9R27XLnGBy13EV3aDSjKac7JsoaHTOdMqbBelCkpWpEJ797iIgcicTe1Lv1RBV5TXQO8WReuQ9no3OfF3dq6tNVNgU6cjcxMeCZ2SBv3qRRz9HuJ2778j0WfyiC3tHiS5CprU_i8pr9nVJ8-Qlh7tWnW9NiTlIp4rF-I5FO1wQJckC4gKfbxpDosEe0V-tR3il6EWKg3a8xTnivTGgSAP8_YBnYklyDj7i9925Gtq3qIHONEIusrUqnDDAEcBMeMBLpAbMBxNzdYCQl7rOw7LcU5PJIU-NzB22SMGn5mpLNlNRP-FWHtTM9vk8I_v9bj2aqtoIUcA2WDKg7s0ZdDZ1Ihhvfw6va5pze9GfYo1JIK7LbxrmCI8Vc5NJVUXFMnAE3_eTNdKFN_LFPQWqPlDD8VIjy_3sfv2amiErtLhuxqcTEK9BOfBmZYD794eszt5b9RIr3m8hNAUvvqXLAC1fF206ZYg6WigrjeUfWXF4rCX9ch91IL92DsexD49Q7auI1bPNsYLTBWQEV2yYJPUT9HR9KgsvS90l1793t_LVtiSfrAtY0zLIZiyKPL4MiRrpG0S_h30uSDSWxCbmN_m8bWZpJd2kbEJZObcFL4uB6lHZMgOCLRTvRPutWlqFCwd0NvcQUfpwxG7qaHX7_lbZKUHVcha8PSJUmj9rcliYYdUd-RoePQfGdX0Aqo45brOe_jg92BID4fcCRc-c_F59p6d0yVNG_fsDEfWNFXQViq6WAV4zJhAZWh97enwC46NoVUhgwA1FcHUcONevaMs0oacDY7BctsZ6CnYyFOtTR53Klj1aLimaBrNqHv-oAv5_ZJfHWS_NtXeRrvafTLijd9ajU3OcU758ZtNmIAcFA6Y8Tifbf1eofiE8BueuU-CmfPszlTCgCql38lj2GWRdzgWBfmQ4wmb_EfW_uHAT6ChBQXqpk8UQR1RMEiF_HwSHcNR9f2Kp377_33PRA4eDye7yOGA6VAiZ4mq0qjMizVcOoIbCm_y71YTfMFYSn4_OKUN2dki-ECKzwcrBmoZie9lk-MGA3El8_D6QzRAJq4EZWi4&pos=4&reqid=kb9dMIn2GnLjrF9r&type=CLICK,79.000 ₫,
https://tka.tiki.vn/pixel/pixel?data=1vFZ9r6fZ9uP3zLqacm_syw7wRr6GrebkFMz87KvFyT6k3ZPZSXJbySVM1YEdlbqYQVZo9sWSAJtboAUtrv353dEpYC1DMaylXYRwOWvl8RKzVaDYNPXFhYoofAiqCz28_J2lOw_i8aNpEecprHKKKZ4w00uXVL306J-KU75tn3ERmEQgSb94f_t-48o_43fByr0Bs3nEqCqVKDMIrONrrai01W-ZjnyaJGdzCTf9eVVid7qpZ6mk8iTsZcKM6dqd95lODH0Zrho-LYuoWUTb00TMqFPoNOgFUB1qsCCsGEqcswOvCA6_cY_UaEPpL-8zS28xJOux_1QBiMiQoe4WUoORiYFMqNolUhgPSN7zaJzYQHLeSKJHIyd2xYufFWFNXi5fuCQ2Fb_uDpNvY0tOo_jaRVNzrN1BoK6A3ZW_qoGMLaKVwyU0XX-tGecYEdFXE_gjFcbcivt2829aRb0f2x6WlyS0PcI-o4SseHmJ2mi6PmuI5Jrtb2VocMpWeudvXJeI5jXJ-VNbqt7OuO7rejbmuZqBj9WazkhAj4jGeWNpNQcMUtjoe_ucKVyJVV4eKXBWilaIY2LNJpz3pViEJRbN3mS584kDURtOBqo_Iq-179NcZ6jZyRvQ4rIJ1HQX5yi2TxnwAqNfwAcOPlDntBGHHewwucTDzOeBKX8JMy_4HZGGhwR99-UV07OqkJ81P9vq7a-HqppMS13zBUZwinFJcAOSNAWovEWu5pfAySJbVVek13jNhkJzykxHXvYWQe4JYNToLwuB2aKFr9o48MJDRdBjuFV7kBAbqmEr58zrADZvNz7L7JOoxG-2y3csEYXjBDyNg5ZbcsB_7WBbMDPpdOQ3tC3fpvoiq72KqogWAacyTYKDDS2C4B7v7L-cpcEVbL-USjI8IjOySkh-yJYh1_lV7HdZEWxjp3AU-swNVSkt-udkxKK7eUD9Yol4GjFxNVcHMqjkNrxLUbKuL978AEAQGee7o1Wf89PrR5eDjibCsjPiQmRKCaFxLlJUFKEtuJOYM97EL8FaFgOe2mkjTPF5Iqnf6-WUctWNYlMDaKw8kIEn6y9tG-oDw5Pl4Vjub8wFagnI3XsFU7M3uL1Z9FtOTq0eGxBt0BDE1IhxTsnhWpTI7gkNICgx2lBx6jKCG-jCaMe_l6fHNRwgay-PlTLlWtzFZ7HZ5Ak5dj7sORFkBajhL9n7HtMGG_ms__qqKDKjf8jXgZPqmECsmW9oJr4XWiuV_SnPT-xjC7kGDCDgp47uat0Z0vXytu90fUoC8Sk5V6hY6qWL05J2gqpuaQCESfIZdwSPBAb0Ppf2mvx0cpKogizs0SyrFrS1hRIo3pIv6q8bjvaB-ZYTFkR5M2qnV2eDCa7rkZdfxtsI59rgonPni07uFkhXNvXFXxNT5mAKEsPhdBDc0ERCGf8QiVtjesWMAA2QfdSxJygA9MBhARxwAROl-hgxTJjHbpNbNUSRYCTAmjkJ13ujN0yr_DEG1LwrnB2sE2BSuB49W8nrnS9tr6FBCeS6e_Dusmnl56iAIAIRbxB_I7n9QZjSYV8Y3gj4dKm1B5wJV22vZRD2f0tMuPM3JacSFS5vHJ3AcchlxAC68eCXXVj0v3p7eQ1SsYnPtVbe4iJoIr9-CpbI60zTPR75SQ9Gs2dt9YhnGSotpHDa9KrU-EPI5jLOq7cUicYM9F8uHA3a6_4KR0Oo_kXWgpQu5LDA0WZArsD2B2dqUfK1LNB7a4mgJ1D42A0uj-XgklaDg-8TcTKugCn2OwcidhiLBh-lupd-zdrh9otl6vCyBiMzfSn_O8c1pNFrMS8HEdaddctkVd5cJ5VrmPKVIthd5Froi0J63iYbQ&pos=5&reqid=kb9dMIn2GnLjrF9r&type=CLICK,,-35%
https://tiki.vn/keo-dan-giay-nhiet-trong-suot-sieu-dinh-dung-khong-ton-thuong-da-p137947175.html?itm_campaign=tiki-reco_UNK_DT_UNK_UNK_tiki-listing_UNK_p-category-mpid-listing-v1_202303170600_MD_batched_PID.137947185&itm_medium=CPC&itm_source=tiki-reco&spid=137947185,35.000 ₫,-35%
https://tiki.vn/chai-xit-giay-diet-khuan-khu-mui-hoi-giay-hoi-chan-lam-sach-be-mat-giay-dep-nano-xclean-for-shoes-p92161380.html?itm_campaign=tiki-reco_UNK_DT_UNK_UNK_tiki-listing_UNK_p-category-mpid-listing-v1_202303170600_MD_batched_PID.92161381&itm_medium=CPC&itm_source=tiki-reco&spid=92161381,39.325 ₫,
https://tiki.vn/chai-xit-khu-mui-giay-nano-xclean-nano-bac-100ml-aht-corp-huong-bac-ha-khu-mui-diet-khuan-lam-sach-giay-dep-hieu-qua-an-toan-p105159478.html?itm_campaign=tiki-reco_UNK_DT_UNK_UNK_tiki-listing_UNK_p-category-mpid-listing-v1_202303170600_MD_batched_PID.105159479&itm_medium=CPC&itm_source=tiki-reco&spid=105159479,64.350 ₫,-30%
https://tiki.vn/giay-the-thao-nu-don-de-sneaker-loai-cao-cap-9cm-ton-chieu-cao-bang-da-pu-sieu-em-sieu-dep-sieu-ben-p180323823.html?itm_campaign=tiki-reco_UNK_DT_UNK_UNK_tiki-listing_UNK_p-category-mpid-listing-v1_202303170600_MD_batched_PID.180323829&itm_medium=CPC&itm_source=tiki-reco&spid=180323829,239.000 ₫,-39%
https://tiki.vn/sap-lau-giay-dep-tui-xach-ban-ghe-kem-ve-sinh-giay-da-p203937286.html?itm_campaign=tiki-reco_UNK_DT_UNK_UNK_tiki-listing_UNK_p-category-mpid-listing-v1_202303170600_MD_batched_PID.225907488&itm_medium=CPC&itm_source=tiki-reco&spid=225907488,,-50%
https://tiki.vn/5-cap-mieng-lot-bao-ve-chan-khi-di-giay-cao-got-p103940142.html?itm_campaign=tiki-reco_UNK_DT_UNK_UNK_tiki-listing_UNK_p-category-mpid-listing-v1_202303170600_MD_batched_PID.143413352&itm_medium=CPC&itm_source=tiki-reco&spid=143413352,60.000 ₫,-7%
https://tiki.vn/mieng-lot-giam-size-cho-giay-bi-rong-cao-cap-buybox-bbpk11-p28590683.html?itm_campaign=tiki-reco_UNK_DT_UNK_UNK_tiki-listing_UNK_p-category-mpid-listing-v1_202303170600_MD_batched_PID.28590687&itm_medium=CPC&itm_source=tiki-reco&spid=28590687,49.000 ₫,
https://tiki.vn/dep-di-trong-nha-van-phong-nha-tam-nguyen-khoi-chong-tron-truot-p195527647.html?itm_campaign=tiki-reco_UNK_DT_UNK_UNK_tiki-listing_UNK_p-category-mpid-listing-v1_202303170600_MD_batched_PID.195527651&itm_medium=CPC&itm_source=tiki-reco&spid=195527651,45.000 ₫,-48%
https://tiki.vn/binh-xit-khu-mui-giay-cong-nghe-nano-bac-binh-sit-mui-diu-nhe-260ml-khu-mui-hoi-giay-dep-chan-tu-giay-p208433046.html?itm_campaign=tiki-reco_UNK_DT_UNK_UNK_tiki-listing_UNK_p-category-mpid-listing-v1_202303170600_MD_batched_PID.215911510&itm_medium=CPC&itm_source=tiki-reco&spid=215911510,26.000 ₫,-15%
https://tiki.vn/binh-xit-khu-mui-giay-cong-nghe-nano-bac-binh-sit-mui-diu-nhe-260ml-khu-mui-hoi-giay-dep-chan-tu-giay-p163543269.html?itm_campaign=tiki-reco_UNK_DT_UNK_UNK_tiki-listing_UNK_p-category-mpid-listing-v1_202303170600_MD_batched_PID.186609377&itm_medium=CPC&itm_source=tiki-reco&spid=186609377,,-15%
https://tka.tiki.vn/pixel/pixel?data=jDyLns6MDtoPxkFp-eNfbkVU0NoZVRUCa8ieMBbOwj0SVa_pzUW8zEtkiUDR4vpkwn0YjbMT-jtRl7Dgc_npd5ozvFbZBlX1-tbIrPrPdkmPfoAHbHW5Vjz_QZimm_aefN1rrohTGyW2YA4K_uNC3OySPSYJdsjvNAyWwYJfBNs1gUrcpsQzRL5V5udJ2aAyDwL-jUxZKJyKdaZX2IoPTG0svn399dtbvkwgb8rMErQ5TRz2mUKOdeHz9O4-Aq9hRHV4VFbuCo5F5-XlCzUx2JwI49Dw6W0QUVCw5U-uQ37WevdaIs-kor9uoKteorlfwYzJ2OdDA9NSARh12h2kJCOwO9Sciq_tBoLWovxi-I2ZxjTs87t5oIvk5F1m2M9QcUR0ryqtginKlfQnOeng_--qmPsz7RzlvOwU1MSUP_5fmemX64kn09Thl4w196R5AHpe6YWv3b_wle-VZFKUFO-VXAA9QI6KQmw6BeFqIHHbJP9e2MVrFp0Bq5X2CegC3kI8BDA5vro1vOKuXo1lsDtB1a3GgFJABXEtS9-zZ2gtarI40NmMdxFcX8JAspPuICFmvLCev5Oj4zF7IcwsE16UbKnaQMxQWrhr0oCyVSAiSh1Pwu1yy99ulgsUfkCSv_CluuIyjEbS1HT9CLbVkcaEfcCKFcnRrbPqqFobAZTAvGZb291C1zwyuLLBtAe9XIAXWZDg8POPhPHMbfJJ338fX5C0k5HkOLLTSy6SNPVxkF-voLA6-1sWVvMQgjqUKgKT30vD-GTnKeS7pkjoMsr7leluIs59tZRfP19dP1pkRLhKbZMi2wLr9JNS2t0aVLJP2INfNrx3xL-FryGWEf1zlHMHA1xirMG8wnNFo4ECh1-WDHbGtEiG92w7PMbpI4OFnULdrGWYNMX6VUYjpi7komPtXCf87LubwxmVsJqmjwRoFAT11kQ-iuAVxw94YGuo7gIiciaAud0JEnvS3ZzGtQ_i1SSZHklx42o0bHlg8o2bdaII6IQ2akfKqDYBZzxGx2sFR7RI2CcngaO0E0Hay62ovvRNgSMtIJNYY6zn9uRuB7lmuLCPEtnnoKzFQlPVEf2MSJ1LiGbbnE9-ANv4jde1-L83ozIz8ZGqeRM7VWSRTYM4o2gTQGh6jp_BAuYWmJXgeSv5X3mKT6BLD1w6Zub0Azlib4nhAq3rpMR2HgJKgEUVDHvNwW-7-1JpWibEIEsBwh3WYMGM0nk8kE0oLOIcdNBo8G_AcgynmJO9yHTUnxmtibtnDuLOpRH1GXaQpijBRaC1jWVZkmzPVZB35DXxw52GSlVzH3BB9u8ks8YAMs5ySwNA3i8SieIQ_b3DF8OMTxrd01RxmS6OtuuwMZSnYUGN7tv0aQXGa-1CXDKOg_JEJjM4NGRCMiflVLArnQnXQ1z2q2MvaPI72FubZd4SCqsUTx7iR4mW5wENU4S3qWceLcNQqQoDh2QcWoUiTyONOSeeiJxu9lGpBq-CcAeG59mtaPxe7ezVS7NQWYWaDBAd5jwLlhL6z4zjBrgQeNZ931siogJfPwiWAVLEPq9NsGzXkUznXPwMKf36E_hmIFPL81HmhH6s_Ny0nSzQSgxh9v3N1-JW4-ciC7hY8ash0VVjjOlv7iAws8f_DMxz7t1N59lbq_4_bjFrsHaMBFxVcH2sTd4kYpZlbI4uH0spersbaLmxQPDgweOmkZWUoFW_M1Hg1bPkCtD140A1vIYmNbfzskmxDRu2-JVCo-_-6qj9DaG2FtANW7ymkonbbTsi0dZJ4448VOnPS-Yi4SIU1CAlxwd71NxMo6p6-AALwPEaWjNJvJEuoVwbVER-ztyI1NbbWpVekr0P9IYUpxbVrwI0VPmgBr928zcRGmNZmSu--DUQUraF4JRjv80yv_UYF2sw8AirDx5OJH7_zczcO7bQHHuw_u5qeVWydxCVsTeTO5MFSJ9U&pos=16&reqid=kb9dMIn2GnLjrF9r&type=CLICK,95.000 ₫,-43%
https://tka.tiki.vn/pixel/pixel?data=9wUu3DxGGhHgQpRZVR3kYRr8ZeHN2pccQMnRDMCmd7QaWDzwCOqlHUxUTdrIbSf3733f6ovyOp2513giZbAIsFw17CP7LGGwaYAMWq1Jlzb5lDvPaD5TrMkaKuNh7OKPa_nXIBbO_cFE-9SLUXqLV-RUEproPX3zhzZJEYOOzftWHmbqms4KvNxNKivMDaS_KLlgW1yAuJ-uba3Bd_y3ScS6ZqG4850fS9g8G_1QPx04TdoE8JR2Rv7iC_JpFlAb06GeyOKVlISEySFiqWYVMbkkYGyr7XCzOZ13vF5mqMhsV-30Rba7N41aMhp7YR-Xhm5ygvkJ_DnYA4TBfqNVwBmKqoccC6lPggrX0VEo5neDJbaJn0ZfgiZkiXXpdGIL0lfpmX_OYZpgvi1ll9qSsnh80yFbNEXnfQ-JpOJT_yaN28_9MKZMCXnkfOS4JsQgQYyj7JnJuQPXi7sP_XvKUqBOwdsB3CRkl_ph5Q4PnDNbYglDUHb-7kQsgVmnkFgKaeyzmGgHuhhW8KORvdWWEzlS8v8W6LmS_8a6exJkdVeZAXLtRKAZqR1Hue5NgNQfeQpkVnY23CW0NcQHpeMjsghfxAJUSpoDEeGKGAZfq71LxZ409_GUWFk67mXIP0MKo_N8VX9p4uBfBIB2zHqarjR51wie5GiO-sKOdHKw676UiAsn9nf5M22cvlZoklsalcWqY44bnJn0nRvxvCcv7hQF5unOFglfrtk5dbKCSrdXjPAzhW3qrFjtg_tTZxxaK8vwxJX77GUaFKXBXS2Kw61CCiJEcuWZbkhk4pvlzQnUwKT-1IKZh6g00NErzYYHT94CKjZm3cnJuoUZBIKQ3mTMAuCYPplFg1PH7fE_JRWGeVPPDrmqgu-fyArfcPY1Jid63EcECR76PuS_e5-i3nH8IFsjcaUnQrsAmSzj-vDuMbZ_Dtx886jNr34TxpTxp1EuESyEn3_X9AnD10yenPxPfdZxzDlK7ngeGwz-yk25TDV4fXrh36JMXjPh05uIJDiGUAuJRg_ul4v_XQ_Il1GqolE2-AKRvuUv-KFk5G7VMNuri1a33Xflnub6oPIfKjS5-Xt78srD5wwY4VDuTUroGLb_AOIt4F489xh0LRc0xbtoDOiPDXbyEi1q5e7gKBwTuDPX3JWBYUZBC4Kb5IEkc9tVXe-Mu60eMkU190Qx_ZDOkNMAac_P2xkwvV79M4DpZWjdAugIPGIJE-2433N50ukkHt97EmuyMkQbEj8hnil5jC2FgX8iF9dPypFHHhjaVMo5mTw31TlYz4j41ZAamyiPphjJqndNRyqHmi08s3ut02MP_4D0nUvce3SKoCcbiQv9ImzHndvKNIz00T9P1Dsk-wIRdvamOxMLKKA7wbTQLv8MC3DwH309lyd_6uuPLPpnLQeM3NdSNCD3myrlcrtHrcgW43_Hj9LAb4bZYqIUOzjBwlDbjRxCkDCCXTQCVQZRh81J_fJyJDWX5IcQo8LVo9LkI2TCoyx24Uoc8dfr9uJSiYmPS5rhZK4Hh2zs6H2cCkOF017UYy2XJD-33AFGoh9_-w9J4qArDsmKbppgaov-J91kQuDBPlfamB_Evhgeb1K5WCL2SDW716KgCZd92UnggLfYU5tkhKKhAldyaqR7CuwIixUNvpZD8gtGxlSyqMzSjowbI4i0dKIFz7h9tFRA&pos=17&reqid=kb9dMIn2GnLjrF9r&type=CLICK,89.000 ₫,
https://tka.tiki.vn/pixel/pixel?data=Ml9zjdIZe_ixMxis-ewiJTwZtkMl6xKS6lXyiA7Lj9Ha4suFw5Cj7i_eG_E7o5x6awQ4MOrluO_sG-M1GOuOQArypxxz2_YTd94CM6zA6VKMSYOxTc60qVNn6V03GGSfST1UtzyrEZHR3h7hNy4gvKN52bGZjncIoT819EW5CtTipIB7GurTzoPYbFZKKR5-0MIN_zVhCECa6lGPhYLBWTmFrIHSaalTHcoTRgJ4nZJ-KNF4KUmZBZKlE_FFBMDeLtXVFymnVpFaXskCQeh6Qguaa9ue0YU1MzanX19K7WF34s9D-JUC2xvfTLjit0nNSOg7qr_eQwavHzFtx83t8X8fcJ34dZW_U7UHYV7lFNFDUwkY-h_FvQQ9nt6_vac-V-_JZ2ipcr76Y5nnAiRiMOT-EoqyywjQVRyQv142F1mGjj1EVFGfBj_Wx85C9D2yjO63sv0b7aXhqlqmIARU5LxlsfYU6jjTO1GrrBEtpPcEQrIwuszG0t4uIxGq21eY6Wnu5cCepeF9aYkapTMmLegEpPQTQzINxmP2-cPf0nEKbeCLhxFX5yq6SMsKm6V8n7e3HCWdG04-Pue-fO1XDqKhOv3XOg_l7QWNuy4XDQcSpJkYuQ3xM-1ybO95tz3H2xJ9D-7YKBmqW3SbtzMyFKJLupr_wk4FKiubJk0YkCCy9NcQlHx9ZuhHu2O0rJKN3EWVaLEAhybWawfALTExAUShDxrtLL1LXKMHgzl2odaUaYEzHUzLpiZQVckWRyFjJG5VgXcRBxWfv2_eW32FW7n-Uu3hF0hyoQc3sgyjgE3z703-X5Kx46PhN2SSRaPgl8E9XZHFnpoiqBzcDFGjdy2xEPTbKH6rUG1S6gLgOA3b5BHuWiGKPBDMzIQ-XGWEnylvJ6Rds1XHf5jI16r6F1NX-36iYTKYOQeYUPRfYMDHyodcRx17Eouqli8me9GeDX9MXf89FAak0KxCFQJ7lir9s2oZtuvs1Yf1oIv8vLrbLPenB8LPw0jzaPDvmy-yJ7WiK3dJUp2RyCevgV8H-sWIZpvRouHYOTnC52AIiJigXNEPTz5CC_Wki-sz70YGM9l1skoZI97kboIS9Q7M2kYfRbd-6Kk9TAt6MN2clRNDFZ3Qv68zcZxHHdxmr7IqvUVvi_HoxEGZGskFcQnRh-N9atL1vfpVwcuktw48rWmr_HJvLDD89cNu2TZDJKPtposkJmOjcXGewyAnQEFJiDnXNtX5tasohtJsIOOdecOqBM_QygE2Qos-eJBRgqEx113Rs6CzYKFdJCu1zmLkzpomi86VvMRQAhTo67kLbxROFTkrnk0C2ewSnV6n6y92b0i6wpkuQM0-AjHd89i-7J6M8q9bG1cNcoyIuz3MiAjhs8WUaPtbEkE7e_FMKXCJSzuLeuOEliOb5pc5-p-lapqJYQUIFUK382HckY4vjw2CqHdzPZCKDo7DEZsvNCyuf-LoIYhkxjqklHdnjdh1ByXKvmVzGGxT8ozXmVZM2YDBi2uiGWvqovMRfXmhSBhFZJooouR0uWcNczCUHVQf4nUZlEQKfF-S5C4hKD2cHv_Q-v6IbyjDaNWo4xhTdYwoA3jnRFGwsefnvbqIMEy4ORvFjn29KyF9yXl_QyiPKQl4-LKQ4tObskeBm4WWknL6Fae_XAvmnRYxFS1ofmhWGMzYNaOfV_ajamatfRbeROlnWnCszoM87Vctj6_xU6l__5FBCCH5YkOYB6vfkKHzgF91hnjd-uezL-d3OsbyjptXts2WrTTM8kz2X1oPpfFRvsg98B2dFuIrXHdI&pos=18&reqid=kb9dMIn2GnLjrF9r&type=CLICK,745.000 ₫,-37%
https://tka.tiki.vn/pixel/pixel?data=LV5nmgVLdvFEXbDG-a3gYhq-htcFaBDX8wNAXf1KPiqxgRpATXX2G3u6JrLQUllqrNmCKlAMPxVjrRKwLVfJgp1BMXwAnpEv1uRJ4X-OyxyyDyeXm_MMUwsq8ueTwPG60dZECnW2ydA8uhqGi6ePaZluPfuXCQnhZjqECOki3HPQbVcxIQZa9hdaI6cisDmAuCMdpcNYgDIppjJP6yKRQyEHrjFKduA2n2DT8mVc94F2RGEJp7oUoAlh9XIwdo0csvASjPIW88hE9tz_A5mlP_toDWMGtYYW5z6XWhuGzoPc2PzecMPQbq_UfMe5eJ6t1VAItcm7vG548-dD2i7HAWnYfUqFN4XVWMCxAebbMWiGJOQGvT8s2kpR7mnBY-EkPGn2MjWRfj_Wa3SmSx6GazluRr5G3G1Orc-NgCyXYchESJK_bRzH8vddCBLwA2XGE4IlGWXeoBqKxF8x5ehtwnSqjkDtDsDzIgmYBNfbLmZRuF4UO-gEBCjCugtsl4hOHdq3kDSsW2midAGQeGpyZLGCAoY-4X6jsxVnrGDFbS9cip-jHz4XlUa7wSRkJMRLxnLjIi-srLWy00aQh3l5xu2nUwiJbCv5tB5EzAe9uPCGPSgAtH4jjdHtJWkys82vUBOjC-uHsK2VA4ddfYz4-6uk1gdPTAdzN1SBzneGk_4iYgXd2V5MWmNgQ7OyTEPGJ0ntz7dqzK4vycHEhSRwKU6acQ1eYlEpUF9V1k4WweilmoBmIKnF9RQ1OQg7FUpLkF80kZaUTghpzpVbaIW5F6OhBCzglBO7ZG9kfBj9qzOoef-XlQtB1YPsyaxDxTl_PV_pS-9FIV7Dg7-pejNhqsQ1rmoJc8QxcQpOw4KQyl1CR4Jp8BCCszZzak9MuZVNBxveKMAB4oviHj3xFYZIWiHC9u--A-RcFW3Qww4ne9kXJeENvnlrw5Ut84tRy_aWvk6zAZ9v5lqQhh4r6ZkEv6Cuf331i_quw1Wle26Eh8L4ShVfhY7eXM09oG6zpDbFEyVA69YwkOnODHdOecunddmO19O70wMnhg-SER6aHiLTa7mehVxv7U9drA6M6RjLHg3PnM_E9uAWQxCWgVJPMz-OD9vzsMF-F9j8isuzGNiU1qM4qqc59WOECR9wBDJZIh5o7L_7l-_A36mRwUzdkkkXqaZC98JPJwDuiRylQKymkKpsrGbccR7pLWjpJLhkcXVAiNMHpiKwarpR0u75nYChY-U44QiYbA3uDq6qbWsUevsDpl43WiqWp_5DTgt8vl2oN6LGvQ_ZEriCSNV5yG13DXPwTfEzVk3qolR5uu-fxdjJv1WeRvuuyeX8y6J_gAPMwxfXE2kJtkQlybGzfkF0SJ2hIxwbht7wx2OAOUWFl9LjqWiDznRumJli_xe1YYIK9Z14NPeahhtDt7t_2U_KaNXSvNPXR_AXyp60dUicm_eeWuedBQu8gOoC3Oli9yXE-4T-CC33x0knBFUKzBQhoJTwX6roJ9-z6P77p9TxUon98kdediR9oByMoaxdaUFATiw79Ul7iBpImgEAFKQf28bTQt-D3Z1cN7xZE4QRhP2GyZAcF9rVoZtSeY_M1ZQzK7hv2j44tqHeLluCBO_jH08jTgxw9_mCHRUdXmKpsxl3NzZoLXgQTuJIvgTbr8ij0XExMQL-kqZpiU4idvT69_599md9Kqzl6Z6mN8YWb835-BShysKh6NhY0NrRoWevLJbYc6ng6aR3mdXMFLhiDnFGOWD_4ylzxCJRNuB9h8nn2NQ-eJWKmBiUAlQQca7dGcpbk7fd1O1zsGn9taxhHXYJmxINukdibbjpUIu9W7tTDP2Xa39TGQRybeS9JMtNN8RKbZ8TCTNIz69NmFWjrbgT9fB7vJsIy-kmN3yR2-BV637gXrpW-IbrnWTD0j1_OpWntwfq5CGGk0UPQgGuSMerCkptzZwDjZNPDFFV05WG55ztwPWqSEoG_nGAPt1K2N5S1On4KNxPMNWQB9w0Y1xBdn-3k5Mw7vw&pos=19&reqid=kb9dMIn2GnLjrF9r&type=CLICK,418.000 ₫,
https://tka.tiki.vn/pixel/pixel?data=JUvYvHMaDoXLK_B9WyoiYNJ0SJwprE-wzY2P-JGKELZoxGub40a0AW1kwOc_KlF8k6reOiKOHDa2Uo7fRzla2SjfZBArUpBfWTFAN-CiUeFOzctpdM1Tcjbm-abKLYFsRBvlm_9Qo1gb3y3ntgNlsDALheibQAzQprkE1g7DzDDb9cMznGuzp0-Is0gPE530_JjugbRU6fmJPGI-VsrozLCcqEvpF2leTyaW08yqJBETlokgkCj0YA4bFL1yoW--eTdaRlzTCk_hGmni7_qLeEAjjcViH1mLUw7ywZQxDHDDjCFdfAbal20yP0ceuniYGuSexmhwWSaRKxJ5A9XtKWq2XmjZffmQBa2sMrCZwS-uuJVOUbBfhbXzGdPjuncgIyjwXr0H3WHvUAkk4-8QmJRWInaX7dwr00kRs48sPbsNpCib-6LG-dgtBN5hSa3IS5dfOmPIo8OYody6mF9ncWpxNEFfi4UxhlVsrzVYj9HhCNREdE6m5z5RuKniWEkcb3YaiDThr77kkcHA9k3jhUuLI4jeKqKpU17XYljoahtXwK3hcksbsgH4hRli4S7seE4BctDDslM-JxXjJGmmTZqyUB09HCLsAQZVafZXTJjpIoiwZYiemNBlGd_VkCYi0nu_o5BA8JF5-7vR4wYcGr39PGFNz5EMENpovoy5LJTcMxGLQbaup-ouTa2pigBDik1JLjN5EgpuoTIkWQqaSEO8_N4zryqtZDtVaULeKbohLsnGknVblfBV0Il0Swhyi4Fo6GluQ-dm2Hax9DriEPePctYMtcHGJS3RrbaJyzUKcYGQZqLF4VoY9joQDaWS2cr0PPaeFOv2P5xSa2i382Udw5pUyqG-qitRa6ukbqT5c4mkLrstzJh7iAwVlPe_ZNeFxgz6YC3M5socuRU8VboInUoH0v6QLi2CYbDRxOrjU7pSJQH-AWmxG-HZruMs6cEvSnyFUXeaNZx9hIp0fRWkKDmE6XKtukYM109V0gRajc1T3rkgjEVSrTFwNl66F7-pftIpWqI3mKa1-GYKORy7ibvNXa-sOJSxWcxaTvVNOte3OG6uoR4uFDJzubBgeAVN9BZi5ZvkbbSeHi3k8jkC360Id2HYh-f4VH8T0-qRSPF3bRBU35AE3Um1Z9xmA9aI0yKcdisJW8ctec7qe4e8RjlNr4ZuDTZb6TSXMiFm8gAe5-jvqVq7MphO4mlfcropf469g8T-ZKS7g52eezUe5ZQJ75F9Mg9XB45ZX8E2IBjOWWlYI6gwB8-4VvXIl_t1f2EPGM5pq4x2XCxX_6znI3HUqkNnKJWLRcDNAn0mMHh6e-47qWTDVyQySUcJMJXwngDF7d7Oe7ra1p9AzFtMgEvtGJCPWgY5mkGEbVlveorcTDNbv8hWN90Kw14r_g0BjMUpfm7oXsunvKKC0XFrrFmVPKKM5euRdTgX-NFI5tefRAmNWrifaDRQl8rWc-vUrb7cuEj0tOYlmpjuHPqYlVpBAWSEFBF1t3NNjvlqZZwdZbnY87m14Csaoe8cNia5jNzy4WwmNlRyYtpfG6CeRsvOgidVP_tRXBA7Cp98W4ClWYEBPisyrabejANwkSWu76wRr4tDKL702-8br3mHuDxRNYPPaXes41s_f2MixOzwm8ogHBWt1rFKQzwssCUTP_rXZ-jvQ7HicWEOGzTDcqV2Xzazt1ygDxtj-85SEA2stOnBcG8UjK4RNE11Uab6yNni6mulCdHkl5JPaMeiyCberYLlgYm_Rlm6xCvcc2cTh-pnLYUbWMcJDA_ufe32l6bR_nhTZmMSSpnm--3fGr1tRr0-cZPlI6Frmyv0WGpdPxo0sHcuc_FTVvv8Zm0QRV-QdDM6aYx8joxNs-3zAjVbBGK7KXzP&pos=20&reqid=kb9dMIn2GnLjrF9r&type=CLICK,,
https://tiki.vn/keo-dan-giay-dung-nhiet-trong-suot-strong-shoe-glue-sieu-dinh-deo-dai-khong-hai-da-p197046071.html?itm_campaign=tiki-reco_UNK_DT_UNK_UNK_tiki-listing_UNK_p-category-mpid-listing-v1_202303170600_MD_batched_PID.197046072&itm_medium=CPC&itm_source=tiki-reco&spid=197046072,27.000 ₫,
https://tiki.vn/bo-2-cap-lot-giay-4d-bao-ve-got-chan-va-chong-tuot-got-giay-loai-vuong-buybox-bbpk53-p43118520.html?itm_campaign=tiki-reco_UNK_DT_UNK_UNK_tiki-listing_UNK_p-category-mpid-listing-v1_202303170600_MD_batched_PID.43118524&itm_medium=CPC&itm_source=tiki-reco&spid=43118524,31.200 ₫,
https://tiki.vn/khan-giay-lau-giay-sneaker-chuyen-dung-khan-uot-ve-sinh-giay-dep-dep-da-sieu-sach-1-goi-30-to-hang-chinh-hang-miniin-p157062466.html?itm_campaign=tiki-reco_UNK_DT_UNK_UNK_tiki-listing_UNK_p-category-mpid-listing-v1_202303170600_MD_batched_PID.180739024&itm_medium=CPC&itm_source=tiki-reco&spid=180739024,38.250 ₫,
https://tiki.vn/bo-dua-tho-10-doi-gia-dua-hoa-van-phong-thuy-go-huong-loai-1-tam-linh-truyen-thong-van-hoa-viet-hahanco-p120169186.html?itm_campaign=tiki-reco_UNK_DT_UNK_UNK_tiki-listing_UNK_p-category-mpid-listing-v1_202303170600_MD_batched_PID.120169188&itm_medium=CPC&itm_source=tiki-reco&spid=120169188,60.000 ₫,
https://tiki.vn/vo-silicon-gai-got-chan-chong-nut-got-chan-dau-got-chan-p137253920.html?itm_campaign=tiki-reco_UNK_DT_UNK_UNK_tiki-listing_UNK_p-category-mpid-listing-v1_202303170600_MD_batched_PID.147822637&itm_medium=CPC&itm_source=tiki-reco&spid=147822637,,
https://tiki.vn/giay-the-thao-nu-biti-s-hunter-street-x-vietmax-arising-vietnam-r3-gold-dswh05500-p77589958.html?itm_campaign=tiki-reco_UNK_DT_UNK_UNK_tiki-listing_UNK_p-category-mpid-listing-v1_202303170600_MD_batched_PID.90370278&itm_medium=CPC&itm_source=tiki-reco&spid=90370278,1.334.000 ₫,
https://tiki.vn/de-p-di-trong-nha-van-pho-ng-nha-ta-m-cho-ng-tron-du-c-lie-n-dp03-p162027539.html?itm_campaign=tiki-reco_UNK_DT_UNK_UNK_tiki-listing_UNK_p-category-mpid-listing-v1_202303170600_MD_batched_PID.162027549&itm_medium=CPC&itm_source=tiki-reco&spid=162027549,85.000 ₫,
https://tiki.vn/giay-the-thao-nu-sodoha-sdh-802tx-p41231757.html?itm_campaign=tiki-reco_UNK_DT_UNK_UNK_tiki-listing_UNK_p-category-mpid-listing-v1_202303170600_MD_batched_PID.41231768&itm_medium=CPC&itm_source=tiki-reco&spid=41231768,185.000 ₫,
https://tiki.vn/duoc-chon-size-mieng-lot-giay-the-thao-yellow-sport-chuyen-dung-cao-cap-lo-t-gia-y-ca-ban-sieu-em-chan-khoang-khi-khu-mui-hoi-p88205112.html?itm_campaign=tiki-reco_UNK_DT_UNK_UNK_tiki-listing_UNK_p-category-mpid-listing-v1_202303170600_MD_batched_PID.88205116&itm_medium=CPC&itm_source=tiki-reco&spid=88205116,79.000 ₫,
https://tiki.vn/giay-the-thao-sneaker-nu-mau-trang-hong-de-em-nhe-thoang-khi-thuong-hieu-zavas-s396-hang-chinh-hang-p74003778.html?itm_campaign=tiki-reco_UNK_DT_UNK_UNK_tiki-listing_UNK_p-category-mpid-listing-v1_202303170600_MD_batched_PID.74003782&itm_medium=CPC&itm_source=tiki-reco&spid=74003782,,
https://tiki.vn/dep-bong-di-trong-nha-chong-tron-truot-cao-cap-hang-nhap-khau-p72640100.html?itm_campaign=tiki-reco_UNK_DT_UNK_UNK_tiki-listing_UNK_p-category-mpid-listing-v1_202303170600_MD_batched_PID.72640118&itm_medium=CPC&itm_source=tiki-reco&spid=72640118,80.000 ₫,
https://tiki.vn/sap-lau-giay-dep-tui-xach-ban-ghe-kem-ve-sinh-giay-da-p213738177.html?itm_campaign=tiki-reco_UNK_DT_UNK_UNK_tiki-listing_UNK_p-category-mpid-listing-v1_202303170600_MD_batched_PID.225272193&itm_medium=CPC&itm_source=tiki-reco&spid=225272193,17.000 ₫,
https://tiki.vn/mieng-lot-silicon-trong-suot-giam-size-giay-rong-va-chong-tray-got-chan-p72506905.html?itm_campaign=tiki-reco_UNK_DT_UNK_UNK_tiki-listing_UNK_p-category-mpid-listing-v1_202303170600_MD_batched_PID.72506906&itm_medium=CPC&itm_source=tiki-reco&spid=72506906,65.000 ₫,
https://tiki.vn/keo-dan-giay-dep-the-thao-trong-suot-chuyen-dung-sieu-dinh-transparent-shoe-glue-new-up-seaglue-1630-sneaker-silicone-50ml-dinh-de-day-sieu-chac-de-dan-hon-dan-hoi-voi-nhieu-chat-lieu-vai-da-cao-su-do-dinh-cao-nhat-sau-12-24h-p99444783.html?itm_campaign=tiki-reco_UNK_DT_UNK_UNK_tiki-listing_UNK_p-category-mpid-listing-v1_202303170600_MD_batched_PID.99444784&itm_medium=CPC&itm_source=tiki-reco&spid=99444784,59.049 ₫,
https://tiki.vn/lot-giay-cao-got-4d-chong-truot-ban-chan-ve-phia-truoc-buybox-bbpk165-p83480711.html?itm_campaign=tiki-reco_UNK_DT_UNK_UNK_tiki-listing_UNK_p-category-mpid-listing-v1_202303170600_MD_batched_PID.83480715&itm_medium=CPC&itm_source=tiki-reco&spid=83480715,,
https://tiki.vn/de-p-di-trong-nha-van-pho-ng-de-p-co-i-may-de-cao-su-cho-ng-tron-thoa-ng-ma-t-dp07-p158631445.html?itm_campaign=tiki-reco_UNK_DT_UNK_UNK_tiki-listing_UNK_p-category-mpid-listing-v1_202303170600_MD_batched_PID.158631447&itm_medium=CPC&itm_source=tiki-reco&spid=158631447,49.500 ₫,
https://tiki.vn/bo-02-cap-gom-04-mieng-lot-got-giay-silicon-chong-tray-bao-ve-got-chan-giam-size-giay-p20117907.html?itm_campaign=tiki-reco_UNK_DT_UNK_UNK_tiki-listing_UNK_p-category-mpid-listing-v1_202303170600_MD_batched_PID.32411719&itm_medium=CPC&itm_source=tiki-reco&spid=32411719,32.027 ₫,
https://tiki.vn/xit-khu-mui-giay-va-chan-diet-khuan-nano-bac-dung-tich-lon-260ml-xit-giay-khu-mui-cao-cap-p144230199.html?itm_campaign=tiki-reco_UNK_DT_UNK_UNK_tiki-listing_UNK_p-category-mpid-listing-v1_202303170600_MD_batched_PID.208686855&itm_medium=CPC&itm_source=tiki-reco&spid=208686855,50.000 ₫,
https://tiki.vn/mieng-dan-got-giay-chong-rong-mwc-9008-p165280316.html?itm_campaign=tiki-reco_UNK_DT_UNK_UNK_tiki-listing_UNK_p-category-mpid-listing-v1_202303170600_MD_batched_PID.165280398&itm_medium=CPC&itm_source=tiki-reco&spid=165280398,10.000 ₫,
https://tiki.vn/cap-silicon-ngon-chan-cai-nep-silicon-bao-ve-chan-chong-bien-dang-khop-sil28-p195464947.html?itm_campaign=tiki-reco_UNK_DT_UNK_UNK_tiki-listing_UNK_p-category-mpid-listing-v1_202303170600_MD_batched_PID.195464953&itm_medium=CPC&itm_source=tiki-reco&spid=195464953,,
